accuracy,loss,val_accuracy,val_loss
0.621030330657959,0.7508175373077393,0.14929577708244324,0.7060584425926208
0.5582215785980225,0.7686805725097656,0.14929577708244324,0.7158501148223877
0.5292872190475464,0.768226146697998,0.14929577708244324,0.7227728962898254
0.5010585784912109,0.7559986114501953,0.14929577708244324,0.7316341996192932
0.4947071373462677,0.7418169975280762,0.14929577708244324,0.74369877576828
0.4925899803638458,0.7317357063293457,0.14929577708244324,0.7508876919746399
0.5215243697166443,0.7355147004127502,0.14929577708244324,0.7610899806022644
0.5137614607810974,0.7356972098350525,0.14929577708244324,0.80314701795578
0.5074100494384766,0.7404739260673523,0.14929577708244324,0.7703563570976257
