Recency_Bin,1,2,3,4,5
0-30 (Hot),0.208955223880597,0.2251655629139073,0.3409090909090909,0.24161073825503357,0.19736842105263158
31-90 (Warm),0.0959409594095941,0.10714285714285714,0.17625899280575538,0.12749003984063745,0.05976095617529881
>90 (Cold),0.0,0.09523809523809523,0.10810810810810811,0.07894736842105263,0.0
